"","xmid","scal","CL","maxc","DRUG_ID_lib","IC50"
"1",12.4565199603777,2.82575365697899,905934,10,1032,4.69846215807905
"2",12.4565199603777,2.82575365697899,905934,10,1032,4.69846215807905
"3",12.4565199603777,2.82575365697899,905934,10,1032,4.69846215807905
"4",14.8332455365279,2.82575365697899,905934,2,1032,4.73644487771815
"5",8.5977181365736,2.82575365697899,905934,10,1058,2.02374455356964
"6",10.7613865448833,2.82575365697899,905934,4,1058,2.60719447858199
"7",14.4452580735478,2.82575365697899,905934,2,1168,4.46751246166089
"8",15.1868772220085,2.82575365697899,905934,1,1372,4.28841650290575
"9",15.1868772220085,2.82575365697899,905934,1,1372,4.28841650290575
"10",15.1868772220085,2.82575365697899,905934,1,1372,4.28841650290575
"11",11.2606158847515,2.82575365697899,905934,0.25,1559,0.180645165724661
"12",8.95215386636085,2.82575365697899,905934,1,1559,-0.0331644126326732
"13",15.8147252143953,2.82575365697899,905934,10,1736,7.0261926616429
"14",15.8147252143953,2.82575365697899,905934,10,1736,7.0261926616429
"15",10.3975060954322,2.82575365697899,905934,10,1912,3.27126250285819
"16",12.6460145906971,2.82575365697899,905934,10,1924,4.82980982681614
"17",13.1203009714627,2.82575365697899,905934,10,2043,5.15856009442182
"18",15.3571272641322,2.82575365697899,905934,2,2047,5.09957202015393
"19",10.4707451345632,1.86754539474537,905935,10,1032,3.32202793633879
"20",10.4707451345632,1.86754539474537,905935,10,1032,3.32202793633879
"21",10.4707451345632,1.86754539474537,905935,10,1032,3.32202793633879
"22",13.0910387692171,1.86754539474537,905935,2,1032,3.52883916900419
"23",10.0481638398596,1.86754539474537,905935,10,1058,3.02911690335763
"24",10.447193076105,1.86754539474537,905935,4,1058,2.38941216154793
"25",12.4791072011117,1.86754539474537,905935,2,1168,3.10468052787634
"26",12.6091649089152,1.86754539474537,905935,1,1372,2.50168248079046
"27",12.6091649089152,1.86754539474537,905935,1,1372,2.50168248079046
"28",12.6091649089152,1.86754539474537,905935,1,1372,2.50168248079046
"29",9.02960229688106,1.86754539474537,905935,0.25,1559,-1.36577561249869
"30",7.14255507100334,1.86754539474537,905935,1,1559,-1.2874827155794
"31",14.1084546201919,1.86754539474537,905935,10,1736,5.84349600999849
"32",14.1084546201919,1.86754539474537,905935,10,1736,5.84349600999849
"33",11.2403128135108,1.86754539474537,905935,10,1912,3.85545160325138
"34",11.6795082127463,1.86754539474537,905935,10,1924,4.15987865594635
"35",12.8718519154586,1.86754539474537,905935,10,2043,4.98634833173982
"36",12.6375842554799,1.86754539474537,905935,2,2047,3.21452845129508
"37",6.91178323358013,2.30653618101248,907788,10,1032,0.855143528952105
"38",6.91178323358013,2.30653618101248,907788,10,1032,0.855143528952105
"39",6.91178323358013,2.30653618101248,907788,10,1032,0.855143528952105
"40",10.6851227088505,2.30653618101248,907788,2,1032,1.8611852350972
"41",3.85680179514967,2.30653618101248,907788,10,1058,-1.26240824175893
"42",5.77450936668732,2.30653618101248,907788,4,1058,-0.849445377283303
"43",13.8806020165162,2.30653618101248,907788,2,1168,4.07612270774331
"44",13.3166678038932,2.30653618101248,907788,1,1372,2.99208611768243
"45",13.3166678038932,2.30653618101248,907788,1,1372,2.99208611768243
"46",13.3166678038932,2.30653618101248,907788,1,1372,2.99208611768243
"47",7.02401783651853,2.30653618101248,907788,0.25,1559,-2.75594082657382
"48",5.71693783079737,2.30653618101248,907788,1,1559,-2.27564528618582
"49",14.4878222003395,2.30653618101248,907788,10,1736,6.10645357857362
"50",14.4878222003395,2.30653618101248,907788,10,1736,6.10645357857362
"51",1.14891123577728,2.30653618101248,907788,10,1912,-3.1393749482528
"52",2.34172699352085,2.30653618101248,907788,10,1924,-2.31257806884537
"53",10.0117981023866,2.30653618101248,907788,10,2043,3.00391009495922
"54",10.8871410593406,2.30653618101248,907788,2,2047,2.00121368516079
"55",9.67852155343416,2.57592196481569,924100,10,1032,2.77290039470609
"56",9.67852155343416,2.57592196481569,924100,10,1032,2.77290039470609
"57",9.67852155343416,2.57592196481569,924100,10,1032,2.77290039470609
"58",10.2783906793626,2.57592196481569,924100,2,1032,1.57926007561423
"59",7.49508759962623,2.57592196481569,924100,10,1058,1.25945930568527
"60",8.32311922367592,2.57592196481569,924100,4,1058,0.917116359435628
"61",13.6403512936497,2.57592196481569,924100,2,1168,3.90959359656095
"62",11.3459623634984,2.57592196481569,924100,1,1372,1.62609719795866
"63",11.3459623634984,2.57592196481569,924100,1,1372,1.62609719795866
"64",11.3459623634984,2.57592196481569,924100,1,1372,1.62609719795866
"65",6.46625850175513,2.57592196481569,924100,0.25,1559,-3.14255013689605
"66",7.58459608764889,2.57592196481569,924100,1,1559,-0.98108323119969
"67",10.6822565834447,2.57592196481569,924100,10,1736,3.46863650078711
"68",10.6822565834447,2.57592196481569,924100,10,1736,3.46863650078711
"69",7.90636445181169,2.57592196481569,924100,10,1912,1.54453469620719
"70",10.83310606157,2.57592196481569,924100,10,1924,3.57319739123862
"71",14.6791577243851,2.57592196481569,924100,10,2043,6.23907725760682
"72",12.143825806122,2.57592196481569,924100,2,2047,2.87228117424504
"73",4.28200888142533,2.40272017901346,924105,10,1032,-0.967677148752849
"74",4.28200888142533,2.40272017901346,924105,10,1032,-0.967677148752849
"75",4.28200888142533,2.40272017901346,924105,10,1032,-0.967677148752849
"76",3.81033853654365,2.40272017901346,924105,2,1032,-2.90405203089543
"77",5.76017945751733,2.40272017901346,924105,10,1058,0.0569126184519901
"78",5.99553627577977,2.40272017901346,924105,4,1058,-0.696241198417997
"79",8.16542751538186,2.40272017901346,924105,2,1168,0.114665615873975
"80",4.35680600178699,2.40272017901346,924105,1,1372,-3.21841682865421
"81",4.35680600178699,2.40272017901346,924105,1,1372,-3.21841682865421
"82",4.35680600178699,2.40272017901346,924105,1,1372,-3.21841682865421
"83",5.38819990643229,2.40272017901346,924105,0.25,1559,-3.8898034127225
"84",3.16781766867632,2.40272017901346,924105,1,1559,-4.04256073946854
"85",6.88348617823547,2.40272017901346,924105,10,1736,0.835529504821806
"86",6.88348617823547,2.40272017901346,924105,10,1736,0.835529504821806
"87",9.87374251658438,2.40272017901346,924105,10,1912,2.90821725489986
"88",9.73539066039704,2.40272017901346,924105,10,1924,2.81231905585837
"89",13.7959178125883,2.40272017901346,924105,10,2043,5.62686200298683
"90",11.4824422673119,2.40272017901346,924105,2,2047,2.41384503905002
"91",9.98511560625003,2.11185431611028,1299075,10,1032,2.98541519799186
"92",9.98511560625003,2.11185431611028,1299075,10,1032,2.98541519799186
"93",9.98511560625003,2.11185431611028,1299075,10,1032,2.98541519799186
"94",11.9821270898956,2.11185431611028,1299075,2,1032,2.7602001649925
"95",8.86177115379489,2.11185431611028,1299075,10,1058,2.20677215797492
"96",7.23229160387356,2.11185431611028,1299075,4,1058,0.161012270292703
"97",13.9404334098522,2.11185431611028,1299075,2,1168,4.11759466934317
"98",13.7097527994872,2.11185431611028,1299075,1,1372,3.26455187409888
"99",13.7097527994872,2.11185431611028,1299075,1,1372,3.26455187409888
"100",13.7097527994872,2.11185431611028,1299075,1,1372,3.26455187409888
"101",7.77703805989411,2.11185431611028,1299075,0.25,1559,-2.23398698183641
"102",9.00304300847153,2.11185431611028,1299075,1,1559,0.00210925274245933
"103",14.6822921303097,2.11185431611028,1299075,10,1736,6.24124986223617
"104",14.6822921303097,2.11185431611028,1299075,10,1736,6.24124986223617
"105",7.1945499157114,2.11185431611028,1299075,10,1912,1.05114245742769
"106",9.09188553804903,2.11185431611028,1299075,10,1924,2.36627529462696
"107",13.1125726236745,2.11185431611028,1299075,10,2043,5.15320321194206
"108",9.8883688502507,2.11185431611028,1299075,2,2047,1.3089175444085
"109",13.6000061865013,2.82575365697899,905934,5,1560,4.7979192311658
"110",13.6000061865013,2.82575365697899,905934,5,1560,4.7979192311658
"111",12.9888204867694,1.86754539474537,905935,5,1560,4.37427758659803
"112",12.9888204867694,1.86754539474537,905935,5,1560,4.37427758659803
"113",11.0099734211479,2.30653618101248,907788,5,1560,3.00264532230322
"114",11.0099734211479,2.30653618101248,907788,5,1560,3.00264532230322
"115",9.83263307884059,2.57592196481569,924100,5,1560,2.1865751834734
"116",9.83263307884059,2.57592196481569,924100,5,1560,2.1865751834734
"117",8.29681849576314,2.40272017901346,924105,5,1560,1.12202963535042
"118",8.29681849576314,2.40272017901346,924105,5,1560,1.12202963535042
"119",11.3508955787036,2.11185431611028,1299075,5,1560,3.23895455460336
"120",11.3508955787036,2.11185431611028,1299075,5,1560,3.23895455460336
"121",10.7613865448833,2.82575365697899,905934,4,1058,2.60719447858199
"122",13.6000061865013,2.82575365697899,905934,5,1560,4.7979192311658
"123",13.6000061865013,2.82575365697899,905934,5,1560,4.7979192311658
"124",10.447193076105,1.86754539474537,905935,4,1058,2.38941216154793
"125",12.9888204867694,1.86754539474537,905935,5,1560,4.37427758659803
"126",12.9888204867694,1.86754539474537,905935,5,1560,4.37427758659803
"127",5.77450936668732,2.30653618101248,907788,4,1058,-0.849445377283303
"128",11.0099734211479,2.30653618101248,907788,5,1560,3.00264532230322
"129",11.0099734211479,2.30653618101248,907788,5,1560,3.00264532230322
"130",8.32311922367592,2.57592196481569,924100,4,1058,0.917116359435628
"131",9.83263307884059,2.57592196481569,924100,5,1560,2.1865751834734
"132",9.83263307884059,2.57592196481569,924100,5,1560,2.1865751834734
"133",5.99553627577977,2.40272017901346,924105,4,1058,-0.696241198417997
"134",8.29681849576314,2.40272017901346,924105,5,1560,1.12202963535042
"135",8.29681849576314,2.40272017901346,924105,5,1560,1.12202963535042
"136",7.23229160387356,2.11185431611028,1299075,4,1058,0.161012270292703
"137",11.3508955787036,2.11185431611028,1299075,5,1560,3.23895455460336
"138",11.3508955787036,2.11185431611028,1299075,5,1560,3.23895455460336
"139",11.2606158847515,2.82575365697899,905934,0.25,1559,0.180645165724661
"140",9.02960229688106,1.86754539474537,905935,0.25,1559,-1.36577561249869
"141",7.02401783651853,2.30653618101248,907788,0.25,1559,-2.75594082657382
"142",6.46625850175513,2.57592196481569,924100,0.25,1559,-3.14255013689605
"143",5.38819990643229,2.40272017901346,924105,0.25,1559,-3.8898034127225
"144",7.77703805989411,2.11185431611028,1299075,0.25,1559,-2.23398698183641
"145",12.4565199603777,2.82575365697899,905934,10,1032,4.69846215807905
"146",12.4565199603777,2.82575365697899,905934,10,1032,4.69846215807905
"147",12.4565199603777,2.82575365697899,905934,10,1032,4.69846215807905
"148",14.8332455365279,2.82575365697899,905934,2,1032,4.73644487771815
"149",8.5977181365736,2.82575365697899,905934,10,1058,2.02374455356964
"150",14.4452580735478,2.82575365697899,905934,2,1168,4.46751246166089
"151",15.1868772220085,2.82575365697899,905934,1,1372,4.28841650290575
"152",15.1868772220085,2.82575365697899,905934,1,1372,4.28841650290575
"153",15.1868772220085,2.82575365697899,905934,1,1372,4.28841650290575
"154",8.95215386636085,2.82575365697899,905934,1,1559,-0.0331644126326732
"155",15.8147252143953,2.82575365697899,905934,10,1736,7.0261926616429
"156",15.8147252143953,2.82575365697899,905934,10,1736,7.0261926616429
"157",10.3975060954322,2.82575365697899,905934,10,1912,3.27126250285819
"158",12.6460145906971,2.82575365697899,905934,10,1924,4.82980982681614
"159",13.1203009714627,2.82575365697899,905934,10,2043,5.15856009442182
"160",15.3571272641322,2.82575365697899,905934,2,2047,5.09957202015393
"161",10.4707451345632,1.86754539474537,905935,10,1032,3.32202793633879
"162",10.4707451345632,1.86754539474537,905935,10,1032,3.32202793633879
"163",10.4707451345632,1.86754539474537,905935,10,1032,3.32202793633879
"164",13.0910387692171,1.86754539474537,905935,2,1032,3.52883916900419
"165",10.0481638398596,1.86754539474537,905935,10,1058,3.02911690335763
"166",12.4791072011117,1.86754539474537,905935,2,1168,3.10468052787634
"167",12.6091649089152,1.86754539474537,905935,1,1372,2.50168248079046
"168",12.6091649089152,1.86754539474537,905935,1,1372,2.50168248079046
"169",12.6091649089152,1.86754539474537,905935,1,1372,2.50168248079046
"170",7.14255507100334,1.86754539474537,905935,1,1559,-1.2874827155794
"171",14.1084546201919,1.86754539474537,905935,10,1736,5.84349600999849
"172",14.1084546201919,1.86754539474537,905935,10,1736,5.84349600999849
"173",11.2403128135108,1.86754539474537,905935,10,1912,3.85545160325138
"174",11.6795082127463,1.86754539474537,905935,10,1924,4.15987865594635
"175",12.8718519154586,1.86754539474537,905935,10,2043,4.98634833173982
"176",12.6375842554799,1.86754539474537,905935,2,2047,3.21452845129508
"177",6.91178323358013,2.30653618101248,907788,10,1032,0.855143528952105
"178",6.91178323358013,2.30653618101248,907788,10,1032,0.855143528952105
"179",6.91178323358013,2.30653618101248,907788,10,1032,0.855143528952105
"180",10.6851227088505,2.30653618101248,907788,2,1032,1.8611852350972
"181",3.85680179514967,2.30653618101248,907788,10,1058,-1.26240824175893
"182",13.8806020165162,2.30653618101248,907788,2,1168,4.07612270774331
"183",13.3166678038932,2.30653618101248,907788,1,1372,2.99208611768243
"184",13.3166678038932,2.30653618101248,907788,1,1372,2.99208611768243
"185",13.3166678038932,2.30653618101248,907788,1,1372,2.99208611768243
"186",5.71693783079737,2.30653618101248,907788,1,1559,-2.27564528618582
"187",14.4878222003395,2.30653618101248,907788,10,1736,6.10645357857362
"188",14.4878222003395,2.30653618101248,907788,10,1736,6.10645357857362
"189",1.14891123577728,2.30653618101248,907788,10,1912,-3.1393749482528
"190",2.34172699352085,2.30653618101248,907788,10,1924,-2.31257806884537
"191",10.0117981023866,2.30653618101248,907788,10,2043,3.00391009495922
"192",10.8871410593406,2.30653618101248,907788,2,2047,2.00121368516079
"193",9.67852155343416,2.57592196481569,924100,10,1032,2.77290039470609
"194",9.67852155343416,2.57592196481569,924100,10,1032,2.77290039470609
"195",9.67852155343416,2.57592196481569,924100,10,1032,2.77290039470609
"196",10.2783906793626,2.57592196481569,924100,2,1032,1.57926007561423
"197",7.49508759962623,2.57592196481569,924100,10,1058,1.25945930568527
"198",13.6403512936497,2.57592196481569,924100,2,1168,3.90959359656095
"199",11.3459623634984,2.57592196481569,924100,1,1372,1.62609719795866
"200",11.3459623634984,2.57592196481569,924100,1,1372,1.62609719795866
"201",11.3459623634984,2.57592196481569,924100,1,1372,1.62609719795866
"202",7.58459608764889,2.57592196481569,924100,1,1559,-0.98108323119969
"203",10.6822565834447,2.57592196481569,924100,10,1736,3.46863650078711
"204",10.6822565834447,2.57592196481569,924100,10,1736,3.46863650078711
"205",7.90636445181169,2.57592196481569,924100,10,1912,1.54453469620719
"206",10.83310606157,2.57592196481569,924100,10,1924,3.57319739123862
"207",14.6791577243851,2.57592196481569,924100,10,2043,6.23907725760682
"208",12.143825806122,2.57592196481569,924100,2,2047,2.87228117424504
"209",4.28200888142533,2.40272017901346,924105,10,1032,-0.967677148752849
"210",4.28200888142533,2.40272017901346,924105,10,1032,-0.967677148752849
"211",4.28200888142533,2.40272017901346,924105,10,1032,-0.967677148752849
"212",3.81033853654365,2.40272017901346,924105,2,1032,-2.90405203089543
"213",5.76017945751733,2.40272017901346,924105,10,1058,0.0569126184519901
"214",8.16542751538186,2.40272017901346,924105,2,1168,0.114665615873975
"215",4.35680600178699,2.40272017901346,924105,1,1372,-3.21841682865421
"216",4.35680600178699,2.40272017901346,924105,1,1372,-3.21841682865421
"217",4.35680600178699,2.40272017901346,924105,1,1372,-3.21841682865421
"218",3.16781766867632,2.40272017901346,924105,1,1559,-4.04256073946854
"219",6.88348617823547,2.40272017901346,924105,10,1736,0.835529504821806
"220",6.88348617823547,2.40272017901346,924105,10,1736,0.835529504821806
"221",9.87374251658438,2.40272017901346,924105,10,1912,2.90821725489986
"222",9.73539066039704,2.40272017901346,924105,10,1924,2.81231905585837
"223",13.7959178125883,2.40272017901346,924105,10,2043,5.62686200298683
"224",11.4824422673119,2.40272017901346,924105,2,2047,2.41384503905002
"225",9.98511560625003,2.11185431611028,1299075,10,1032,2.98541519799186
"226",9.98511560625003,2.11185431611028,1299075,10,1032,2.98541519799186
"227",9.98511560625003,2.11185431611028,1299075,10,1032,2.98541519799186
"228",11.9821270898956,2.11185431611028,1299075,2,1032,2.7602001649925
"229",8.86177115379489,2.11185431611028,1299075,10,1058,2.20677215797492
"230",13.9404334098522,2.11185431611028,1299075,2,1168,4.11759466934317
"231",13.7097527994872,2.11185431611028,1299075,1,1372,3.26455187409888
"232",13.7097527994872,2.11185431611028,1299075,1,1372,3.26455187409888
"233",13.7097527994872,2.11185431611028,1299075,1,1372,3.26455187409888
"234",9.00304300847153,2.11185431611028,1299075,1,1559,0.00210925274245933
"235",14.6822921303097,2.11185431611028,1299075,10,1736,6.24124986223617
"236",14.6822921303097,2.11185431611028,1299075,10,1736,6.24124986223617
"237",7.1945499157114,2.11185431611028,1299075,10,1912,1.05114245742769
"238",9.09188553804903,2.11185431611028,1299075,10,1924,2.36627529462696
"239",13.1125726236745,2.11185431611028,1299075,10,2043,5.15320321194206
"240",9.8883688502507,2.11185431611028,1299075,2,2047,1.3089175444085
"241",12.4565199603777,2.82575365697899,905934,10,1032,4.69846215807905
"242",12.4565199603777,2.82575365697899,905934,10,1032,4.69846215807905
"243",12.4565199603777,2.82575365697899,905934,10,1032,4.69846215807905
"244",8.5977181365736,2.82575365697899,905934,10,1058,2.02374455356964
"245",15.1868772220085,2.82575365697899,905934,1,1372,4.28841650290575
"246",15.1868772220085,2.82575365697899,905934,1,1372,4.28841650290575
"247",15.1868772220085,2.82575365697899,905934,1,1372,4.28841650290575
"248",8.95215386636085,2.82575365697899,905934,1,1559,-0.0331644126326732
"249",15.8147252143953,2.82575365697899,905934,10,1736,7.0261926616429
"250",15.8147252143953,2.82575365697899,905934,10,1736,7.0261926616429
"251",10.3975060954322,2.82575365697899,905934,10,1912,3.27126250285819
"252",12.6460145906971,2.82575365697899,905934,10,1924,4.82980982681614
"253",13.1203009714627,2.82575365697899,905934,10,2043,5.15856009442182
"254",10.4707451345632,1.86754539474537,905935,10,1032,3.32202793633879
"255",10.4707451345632,1.86754539474537,905935,10,1032,3.32202793633879
"256",10.4707451345632,1.86754539474537,905935,10,1032,3.32202793633879
"257",10.0481638398596,1.86754539474537,905935,10,1058,3.02911690335763
"258",12.6091649089152,1.86754539474537,905935,1,1372,2.50168248079046
"259",12.6091649089152,1.86754539474537,905935,1,1372,2.50168248079046
"260",12.6091649089152,1.86754539474537,905935,1,1372,2.50168248079046
"261",7.14255507100334,1.86754539474537,905935,1,1559,-1.2874827155794
"262",14.1084546201919,1.86754539474537,905935,10,1736,5.84349600999849
"263",14.1084546201919,1.86754539474537,905935,10,1736,5.84349600999849
"264",11.2403128135108,1.86754539474537,905935,10,1912,3.85545160325138
"265",11.6795082127463,1.86754539474537,905935,10,1924,4.15987865594635
"266",12.8718519154586,1.86754539474537,905935,10,2043,4.98634833173982
"267",6.91178323358013,2.30653618101248,907788,10,1032,0.855143528952105
"268",6.91178323358013,2.30653618101248,907788,10,1032,0.855143528952105
"269",6.91178323358013,2.30653618101248,907788,10,1032,0.855143528952105
"270",3.85680179514967,2.30653618101248,907788,10,1058,-1.26240824175893
"271",13.3166678038932,2.30653618101248,907788,1,1372,2.99208611768243
"272",13.3166678038932,2.30653618101248,907788,1,1372,2.99208611768243
"273",13.3166678038932,2.30653618101248,907788,1,1372,2.99208611768243
"274",5.71693783079737,2.30653618101248,907788,1,1559,-2.27564528618582
"275",14.4878222003395,2.30653618101248,907788,10,1736,6.10645357857362
"276",14.4878222003395,2.30653618101248,907788,10,1736,6.10645357857362
"277",1.14891123577728,2.30653618101248,907788,10,1912,-3.1393749482528
"278",2.34172699352085,2.30653618101248,907788,10,1924,-2.31257806884537
"279",10.0117981023866,2.30653618101248,907788,10,2043,3.00391009495922
"280",9.67852155343416,2.57592196481569,924100,10,1032,2.77290039470609
"281",9.67852155343416,2.57592196481569,924100,10,1032,2.77290039470609
"282",9.67852155343416,2.57592196481569,924100,10,1032,2.77290039470609
"283",7.49508759962623,2.57592196481569,924100,10,1058,1.25945930568527
"284",11.3459623634984,2.57592196481569,924100,1,1372,1.62609719795866
"285",11.3459623634984,2.57592196481569,924100,1,1372,1.62609719795866
"286",11.3459623634984,2.57592196481569,924100,1,1372,1.62609719795866
"287",7.58459608764889,2.57592196481569,924100,1,1559,-0.98108323119969
"288",10.6822565834447,2.57592196481569,924100,10,1736,3.46863650078711
"289",10.6822565834447,2.57592196481569,924100,10,1736,3.46863650078711
"290",7.90636445181169,2.57592196481569,924100,10,1912,1.54453469620719
"291",10.83310606157,2.57592196481569,924100,10,1924,3.57319739123862
"292",14.6791577243851,2.57592196481569,924100,10,2043,6.23907725760682
"293",4.28200888142533,2.40272017901346,924105,10,1032,-0.967677148752849
"294",4.28200888142533,2.40272017901346,924105,10,1032,-0.967677148752849
"295",4.28200888142533,2.40272017901346,924105,10,1032,-0.967677148752849
"296",5.76017945751733,2.40272017901346,924105,10,1058,0.0569126184519901
"297",4.35680600178699,2.40272017901346,924105,1,1372,-3.21841682865421
"298",4.35680600178699,2.40272017901346,924105,1,1372,-3.21841682865421
"299",4.35680600178699,2.40272017901346,924105,1,1372,-3.21841682865421
"300",3.16781766867632,2.40272017901346,924105,1,1559,-4.04256073946854
"301",6.88348617823547,2.40272017901346,924105,10,1736,0.835529504821806
"302",6.88348617823547,2.40272017901346,924105,10,1736,0.835529504821806
"303",9.87374251658438,2.40272017901346,924105,10,1912,2.90821725489986
"304",9.73539066039704,2.40272017901346,924105,10,1924,2.81231905585837
"305",13.7959178125883,2.40272017901346,924105,10,2043,5.62686200298683
"306",9.98511560625003,2.11185431611028,1299075,10,1032,2.98541519799186
"307",9.98511560625003,2.11185431611028,1299075,10,1032,2.98541519799186
"308",9.98511560625003,2.11185431611028,1299075,10,1032,2.98541519799186
"309",8.86177115379489,2.11185431611028,1299075,10,1058,2.20677215797492
"310",13.7097527994872,2.11185431611028,1299075,1,1372,3.26455187409888
"311",13.7097527994872,2.11185431611028,1299075,1,1372,3.26455187409888
"312",13.7097527994872,2.11185431611028,1299075,1,1372,3.26455187409888
"313",9.00304300847153,2.11185431611028,1299075,1,1559,0.00210925274245933
"314",14.6822921303097,2.11185431611028,1299075,10,1736,6.24124986223617
"315",14.6822921303097,2.11185431611028,1299075,10,1736,6.24124986223617
"316",7.1945499157114,2.11185431611028,1299075,10,1912,1.05114245742769
"317",9.09188553804903,2.11185431611028,1299075,10,1924,2.36627529462696
"318",13.1125726236745,2.11185431611028,1299075,10,2043,5.15320321194206
"319",10.7613865448833,2.82575365697899,905934,4,1058,2.60719447858199
"320",10.447193076105,1.86754539474537,905935,4,1058,2.38941216154793
"321",5.77450936668732,2.30653618101248,907788,4,1058,-0.849445377283303
"322",8.32311922367592,2.57592196481569,924100,4,1058,0.917116359435628
"323",5.99553627577977,2.40272017901346,924105,4,1058,-0.696241198417997
"324",7.23229160387356,2.11185431611028,1299075,4,1058,0.161012270292703
"325",11.2606158847515,2.82575365697899,905934,0.25,1559,0.180645165724661
"326",13.6000061865013,2.82575365697899,905934,5,1560,4.7979192311658
"327",13.6000061865013,2.82575365697899,905934,5,1560,4.7979192311658
"328",9.02960229688106,1.86754539474537,905935,0.25,1559,-1.36577561249869
"329",12.9888204867694,1.86754539474537,905935,5,1560,4.37427758659803
"330",12.9888204867694,1.86754539474537,905935,5,1560,4.37427758659803
"331",7.02401783651853,2.30653618101248,907788,0.25,1559,-2.75594082657382
"332",11.0099734211479,2.30653618101248,907788,5,1560,3.00264532230322
"333",11.0099734211479,2.30653618101248,907788,5,1560,3.00264532230322
"334",6.46625850175513,2.57592196481569,924100,0.25,1559,-3.14255013689605
"335",9.83263307884059,2.57592196481569,924100,5,1560,2.1865751834734
"336",9.83263307884059,2.57592196481569,924100,5,1560,2.1865751834734
"337",5.38819990643229,2.40272017901346,924105,0.25,1559,-3.8898034127225
"338",8.29681849576314,2.40272017901346,924105,5,1560,1.12202963535042
"339",8.29681849576314,2.40272017901346,924105,5,1560,1.12202963535042
"340",7.77703805989411,2.11185431611028,1299075,0.25,1559,-2.23398698183641
"341",11.3508955787036,2.11185431611028,1299075,5,1560,3.23895455460336
"342",11.3508955787036,2.11185431611028,1299075,5,1560,3.23895455460336
"343",14.8332455365279,2.82575365697899,905934,2,1032,4.73644487771815
"344",14.4452580735478,2.82575365697899,905934,2,1168,4.46751246166089
"345",15.3571272641322,2.82575365697899,905934,2,2047,5.09957202015393
"346",13.0910387692171,1.86754539474537,905935,2,1032,3.52883916900419
"347",12.4791072011117,1.86754539474537,905935,2,1168,3.10468052787634
"348",12.6375842554799,1.86754539474537,905935,2,2047,3.21452845129508
"349",10.6851227088505,2.30653618101248,907788,2,1032,1.8611852350972
"350",13.8806020165162,2.30653618101248,907788,2,1168,4.07612270774331
"351",10.8871410593406,2.30653618101248,907788,2,2047,2.00121368516079
"352",10.2783906793626,2.57592196481569,924100,2,1032,1.57926007561423
"353",13.6403512936497,2.57592196481569,924100,2,1168,3.90959359656095
"354",12.143825806122,2.57592196481569,924100,2,2047,2.87228117424504
"355",3.81033853654365,2.40272017901346,924105,2,1032,-2.90405203089543
"356",8.16542751538186,2.40272017901346,924105,2,1168,0.114665615873975
"357",11.4824422673119,2.40272017901346,924105,2,2047,2.41384503905002
"358",11.9821270898956,2.11185431611028,1299075,2,1032,2.7602001649925
"359",13.9404334098522,2.11185431611028,1299075,2,1168,4.11759466934317
"360",9.8883688502507,2.11185431611028,1299075,2,2047,1.3089175444085
"361",12.4565199603777,2.82575365697899,905934,10,1032,4.69846215807905
"362",12.4565199603777,2.82575365697899,905934,10,1032,4.69846215807905
"363",15.1868772220085,2.82575365697899,905934,1,1372,4.28841650290575
"364",15.1868772220085,2.82575365697899,905934,1,1372,4.28841650290575
"365",13.6000061865013,2.82575365697899,905934,5,1560,4.7979192311658
"366",13.6000061865013,2.82575365697899,905934,5,1560,4.7979192311658
"367",13.1203009714627,2.82575365697899,905934,10,2043,5.15856009442182
"368",10.4707451345632,1.86754539474537,905935,10,1032,3.32202793633879
"369",10.4707451345632,1.86754539474537,905935,10,1032,3.32202793633879
"370",10.4707451345632,1.86754539474537,905935,10,1032,3.32202793633879
"371",10.0481638398596,1.86754539474537,905935,10,1058,3.02911690335763
"372",12.6091649089152,1.86754539474537,905935,1,1372,2.50168248079046
"373",12.6091649089152,1.86754539474537,905935,1,1372,2.50168248079046
"374",12.6091649089152,1.86754539474537,905935,1,1372,2.50168248079046
"375",7.14255507100334,1.86754539474537,905935,1,1559,-1.2874827155794
"376",12.9888204867694,1.86754539474537,905935,5,1560,4.37427758659803
"377",12.9888204867694,1.86754539474537,905935,5,1560,4.37427758659803
"378",11.2403128135108,1.86754539474537,905935,10,1912,3.85545160325138
"379",11.6795082127463,1.86754539474537,905935,10,1924,4.15987865594635
"380",12.8718519154586,1.86754539474537,905935,10,2043,4.98634833173982
"381",6.91178323358013,2.30653618101248,907788,10,1032,0.855143528952105
"382",6.91178323358013,2.30653618101248,907788,10,1032,0.855143528952105
"383",13.3166678038932,2.30653618101248,907788,1,1372,2.99208611768243
"384",13.3166678038932,2.30653618101248,907788,1,1372,2.99208611768243
"385",11.0099734211479,2.30653618101248,907788,5,1560,3.00264532230322
"386",11.0099734211479,2.30653618101248,907788,5,1560,3.00264532230322
"387",10.0117981023866,2.30653618101248,907788,10,2043,3.00391009495922
"388",9.67852155343416,2.57592196481569,924100,10,1032,2.77290039470609
"389",9.67852155343416,2.57592196481569,924100,10,1032,2.77290039470609
"390",9.67852155343416,2.57592196481569,924100,10,1032,2.77290039470609
"391",7.49508759962623,2.57592196481569,924100,10,1058,1.25945930568527
"392",11.3459623634984,2.57592196481569,924100,1,1372,1.62609719795866
"393",11.3459623634984,2.57592196481569,924100,1,1372,1.62609719795866
"394",11.3459623634984,2.57592196481569,924100,1,1372,1.62609719795866
"395",7.58459608764889,2.57592196481569,924100,1,1559,-0.98108323119969
"396",9.83263307884059,2.57592196481569,924100,5,1560,2.1865751834734
"397",9.83263307884059,2.57592196481569,924100,5,1560,2.1865751834734
"398",7.90636445181169,2.57592196481569,924100,10,1912,1.54453469620719
"399",10.83310606157,2.57592196481569,924100,10,1924,3.57319739123862
"400",14.6791577243851,2.57592196481569,924100,10,2043,6.23907725760682
"401",4.28200888142533,2.40272017901346,924105,10,1032,-0.967677148752849
"402",4.28200888142533,2.40272017901346,924105,10,1032,-0.967677148752849
"403",4.35680600178699,2.40272017901346,924105,1,1372,-3.21841682865421
"404",4.35680600178699,2.40272017901346,924105,1,1372,-3.21841682865421
"405",8.29681849576314,2.40272017901346,924105,5,1560,1.12202963535042
"406",8.29681849576314,2.40272017901346,924105,5,1560,1.12202963535042
"407",13.7959178125883,2.40272017901346,924105,10,2043,5.62686200298683
"408",9.98511560625003,2.11185431611028,1299075,10,1032,2.98541519799186
"409",9.98511560625003,2.11185431611028,1299075,10,1032,2.98541519799186
"410",9.98511560625003,2.11185431611028,1299075,10,1032,2.98541519799186
"411",8.86177115379489,2.11185431611028,1299075,10,1058,2.20677215797492
"412",13.7097527994872,2.11185431611028,1299075,1,1372,3.26455187409888
"413",13.7097527994872,2.11185431611028,1299075,1,1372,3.26455187409888
"414",13.7097527994872,2.11185431611028,1299075,1,1372,3.26455187409888
"415",9.00304300847153,2.11185431611028,1299075,1,1559,0.00210925274245933
"416",11.3508955787036,2.11185431611028,1299075,5,1560,3.23895455460336
"417",11.3508955787036,2.11185431611028,1299075,5,1560,3.23895455460336
"418",7.1945499157114,2.11185431611028,1299075,10,1912,1.05114245742769
"419",9.09188553804903,2.11185431611028,1299075,10,1924,2.36627529462696
"420",13.1125726236745,2.11185431611028,1299075,10,2043,5.15320321194206
"421",11.2606158847515,2.82575365697899,905934,0.25,1559,0.180645165724661
"422",9.02960229688106,1.86754539474537,905935,0.25,1559,-1.36577561249869
"423",7.02401783651853,2.30653618101248,907788,0.25,1559,-2.75594082657382
"424",6.46625850175513,2.57592196481569,924100,0.25,1559,-3.14255013689605
"425",5.38819990643229,2.40272017901346,924105,0.25,1559,-3.8898034127225
"426",7.77703805989411,2.11185431611028,1299075,0.25,1559,-2.23398698183641
"427",14.8332455365279,2.82575365697899,905934,2,1032,4.73644487771815
"428",10.7613865448833,2.82575365697899,905934,4,1058,2.60719447858199
"429",14.4452580735478,2.82575365697899,905934,2,1168,4.46751246166089
"430",15.3571272641322,2.82575365697899,905934,2,2047,5.09957202015393
"431",13.0910387692171,1.86754539474537,905935,2,1032,3.52883916900419
"432",10.447193076105,1.86754539474537,905935,4,1058,2.38941216154793
"433",12.4791072011117,1.86754539474537,905935,2,1168,3.10468052787634
"434",12.6375842554799,1.86754539474537,905935,2,2047,3.21452845129508
"435",10.6851227088505,2.30653618101248,907788,2,1032,1.8611852350972
"436",5.77450936668732,2.30653618101248,907788,4,1058,-0.849445377283303
"437",13.8806020165162,2.30653618101248,907788,2,1168,4.07612270774331
"438",10.8871410593406,2.30653618101248,907788,2,2047,2.00121368516079
"439",10.2783906793626,2.57592196481569,924100,2,1032,1.57926007561423
"440",8.32311922367592,2.57592196481569,924100,4,1058,0.917116359435628
"441",13.6403512936497,2.57592196481569,924100,2,1168,3.90959359656095
"442",12.143825806122,2.57592196481569,924100,2,2047,2.87228117424504
"443",3.81033853654365,2.40272017901346,924105,2,1032,-2.90405203089543
"444",5.99553627577977,2.40272017901346,924105,4,1058,-0.696241198417997
"445",8.16542751538186,2.40272017901346,924105,2,1168,0.114665615873975
"446",11.4824422673119,2.40272017901346,924105,2,2047,2.41384503905002
"447",11.9821270898956,2.11185431611028,1299075,2,1032,2.7602001649925
"448",7.23229160387356,2.11185431611028,1299075,4,1058,0.161012270292703
"449",13.9404334098522,2.11185431611028,1299075,2,1168,4.11759466934317
"450",9.8883688502507,2.11185431611028,1299075,2,2047,1.3089175444085
"451",12.4565199603777,2.82575365697899,905934,10,1032,4.69846215807905
"452",8.5977181365736,2.82575365697899,905934,10,1058,2.02374455356964
"453",15.1868772220085,2.82575365697899,905934,1,1372,4.28841650290575
"454",8.95215386636085,2.82575365697899,905934,1,1559,-0.0331644126326732
"455",15.8147252143953,2.82575365697899,905934,10,1736,7.0261926616429
"456",15.8147252143953,2.82575365697899,905934,10,1736,7.0261926616429
"457",10.3975060954322,2.82575365697899,905934,10,1912,3.27126250285819
"458",12.6460145906971,2.82575365697899,905934,10,1924,4.82980982681614
"459",14.1084546201919,1.86754539474537,905935,10,1736,5.84349600999849
"460",14.1084546201919,1.86754539474537,905935,10,1736,5.84349600999849
"461",6.91178323358013,2.30653618101248,907788,10,1032,0.855143528952105
"462",3.85680179514967,2.30653618101248,907788,10,1058,-1.26240824175893
"463",13.3166678038932,2.30653618101248,907788,1,1372,2.99208611768243
"464",5.71693783079737,2.30653618101248,907788,1,1559,-2.27564528618582
"465",14.4878222003395,2.30653618101248,907788,10,1736,6.10645357857362
"466",14.4878222003395,2.30653618101248,907788,10,1736,6.10645357857362
"467",1.14891123577728,2.30653618101248,907788,10,1912,-3.1393749482528
"468",2.34172699352085,2.30653618101248,907788,10,1924,-2.31257806884537
"469",10.6822565834447,2.57592196481569,924100,10,1736,3.46863650078711
"470",10.6822565834447,2.57592196481569,924100,10,1736,3.46863650078711
"471",4.28200888142533,2.40272017901346,924105,10,1032,-0.967677148752849
"472",5.76017945751733,2.40272017901346,924105,10,1058,0.0569126184519901
"473",4.35680600178699,2.40272017901346,924105,1,1372,-3.21841682865421
"474",3.16781766867632,2.40272017901346,924105,1,1559,-4.04256073946854
"475",6.88348617823547,2.40272017901346,924105,10,1736,0.835529504821806
"476",6.88348617823547,2.40272017901346,924105,10,1736,0.835529504821806
"477",9.87374251658438,2.40272017901346,924105,10,1912,2.90821725489986
"478",9.73539066039704,2.40272017901346,924105,10,1924,2.81231905585837
"479",14.6822921303097,2.11185431611028,1299075,10,1736,6.24124986223617
"480",14.6822921303097,2.11185431611028,1299075,10,1736,6.24124986223617
"481",14.8332455365279,2.82575365697899,905934,2,1032,4.73644487771815
"482",10.7613865448833,2.82575365697899,905934,4,1058,2.60719447858199
"483",14.4452580735478,2.82575365697899,905934,2,1168,4.46751246166089
"484",15.3571272641322,2.82575365697899,905934,2,2047,5.09957202015393
"485",13.0910387692171,1.86754539474537,905935,2,1032,3.52883916900419
"486",10.447193076105,1.86754539474537,905935,4,1058,2.38941216154793
"487",12.4791072011117,1.86754539474537,905935,2,1168,3.10468052787634
"488",12.6375842554799,1.86754539474537,905935,2,2047,3.21452845129508
"489",10.6851227088505,2.30653618101248,907788,2,1032,1.8611852350972
"490",5.77450936668732,2.30653618101248,907788,4,1058,-0.849445377283303
"491",13.8806020165162,2.30653618101248,907788,2,1168,4.07612270774331
"492",10.8871410593406,2.30653618101248,907788,2,2047,2.00121368516079
"493",10.2783906793626,2.57592196481569,924100,2,1032,1.57926007561423
"494",8.32311922367592,2.57592196481569,924100,4,1058,0.917116359435628
"495",13.6403512936497,2.57592196481569,924100,2,1168,3.90959359656095
"496",12.143825806122,2.57592196481569,924100,2,2047,2.87228117424504
"497",3.81033853654365,2.40272017901346,924105,2,1032,-2.90405203089543
"498",5.99553627577977,2.40272017901346,924105,4,1058,-0.696241198417997
"499",8.16542751538186,2.40272017901346,924105,2,1168,0.114665615873975
"500",11.4824422673119,2.40272017901346,924105,2,2047,2.41384503905002
"501",11.9821270898956,2.11185431611028,1299075,2,1032,2.7602001649925
"502",7.23229160387356,2.11185431611028,1299075,4,1058,0.161012270292703
"503",13.9404334098522,2.11185431611028,1299075,2,1168,4.11759466934317
"504",9.8883688502507,2.11185431611028,1299075,2,2047,1.3089175444085
"505",11.2606158847515,2.82575365697899,905934,0.25,1559,0.180645165724661
"506",13.6000061865013,2.82575365697899,905934,5,1560,4.7979192311658
"507",13.6000061865013,2.82575365697899,905934,5,1560,4.7979192311658
"508",9.02960229688106,1.86754539474537,905935,0.25,1559,-1.36577561249869
"509",12.9888204867694,1.86754539474537,905935,5,1560,4.37427758659803
"510",12.9888204867694,1.86754539474537,905935,5,1560,4.37427758659803
"511",7.02401783651853,2.30653618101248,907788,0.25,1559,-2.75594082657382
"512",11.0099734211479,2.30653618101248,907788,5,1560,3.00264532230322
"513",11.0099734211479,2.30653618101248,907788,5,1560,3.00264532230322
"514",6.46625850175513,2.57592196481569,924100,0.25,1559,-3.14255013689605
"515",9.83263307884059,2.57592196481569,924100,5,1560,2.1865751834734
"516",9.83263307884059,2.57592196481569,924100,5,1560,2.1865751834734
"517",5.38819990643229,2.40272017901346,924105,0.25,1559,-3.8898034127225
"518",8.29681849576314,2.40272017901346,924105,5,1560,1.12202963535042
"519",8.29681849576314,2.40272017901346,924105,5,1560,1.12202963535042
"520",7.77703805989411,2.11185431611028,1299075,0.25,1559,-2.23398698183641
"521",11.3508955787036,2.11185431611028,1299075,5,1560,3.23895455460336
"522",11.3508955787036,2.11185431611028,1299075,5,1560,3.23895455460336
"523",12.4565199603777,2.82575365697899,905934,10,1032,4.69846215807905
"524",12.4565199603777,2.82575365697899,905934,10,1032,4.69846215807905
"525",12.4565199603777,2.82575365697899,905934,10,1032,4.69846215807905
"526",8.5977181365736,2.82575365697899,905934,10,1058,2.02374455356964
"527",15.1868772220085,2.82575365697899,905934,1,1372,4.28841650290575
"528",15.1868772220085,2.82575365697899,905934,1,1372,4.28841650290575
"529",15.1868772220085,2.82575365697899,905934,1,1372,4.28841650290575
"530",8.95215386636085,2.82575365697899,905934,1,1559,-0.0331644126326732
"531",15.8147252143953,2.82575365697899,905934,10,1736,7.0261926616429
"532",15.8147252143953,2.82575365697899,905934,10,1736,7.0261926616429
"533",10.3975060954322,2.82575365697899,905934,10,1912,3.27126250285819
"534",12.6460145906971,2.82575365697899,905934,10,1924,4.82980982681614
"535",13.1203009714627,2.82575365697899,905934,10,2043,5.15856009442182
"536",10.4707451345632,1.86754539474537,905935,10,1032,3.32202793633879
"537",10.4707451345632,1.86754539474537,905935,10,1032,3.32202793633879
"538",10.4707451345632,1.86754539474537,905935,10,1032,3.32202793633879
"539",10.0481638398596,1.86754539474537,905935,10,1058,3.02911690335763
"540",12.6091649089152,1.86754539474537,905935,1,1372,2.50168248079046
"541",12.6091649089152,1.86754539474537,905935,1,1372,2.50168248079046
"542",12.6091649089152,1.86754539474537,905935,1,1372,2.50168248079046
"543",7.14255507100334,1.86754539474537,905935,1,1559,-1.2874827155794
"544",14.1084546201919,1.86754539474537,905935,10,1736,5.84349600999849
"545",14.1084546201919,1.86754539474537,905935,10,1736,5.84349600999849
"546",11.2403128135108,1.86754539474537,905935,10,1912,3.85545160325138
"547",11.6795082127463,1.86754539474537,905935,10,1924,4.15987865594635
"548",12.8718519154586,1.86754539474537,905935,10,2043,4.98634833173982
"549",6.91178323358013,2.30653618101248,907788,10,1032,0.855143528952105
"550",6.91178323358013,2.30653618101248,907788,10,1032,0.855143528952105
"551",6.91178323358013,2.30653618101248,907788,10,1032,0.855143528952105
"552",3.85680179514967,2.30653618101248,907788,10,1058,-1.26240824175893
"553",13.3166678038932,2.30653618101248,907788,1,1372,2.99208611768243
"554",13.3166678038932,2.30653618101248,907788,1,1372,2.99208611768243
"555",13.3166678038932,2.30653618101248,907788,1,1372,2.99208611768243
"556",5.71693783079737,2.30653618101248,907788,1,1559,-2.27564528618582
"557",14.4878222003395,2.30653618101248,907788,10,1736,6.10645357857362
"558",14.4878222003395,2.30653618101248,907788,10,1736,6.10645357857362
"559",1.14891123577728,2.30653618101248,907788,10,1912,-3.1393749482528
"560",2.34172699352085,2.30653618101248,907788,10,1924,-2.31257806884537
"561",10.0117981023866,2.30653618101248,907788,10,2043,3.00391009495922
"562",9.67852155343416,2.57592196481569,924100,10,1032,2.77290039470609
"563",9.67852155343416,2.57592196481569,924100,10,1032,2.77290039470609
"564",9.67852155343416,2.57592196481569,924100,10,1032,2.77290039470609
"565",7.49508759962623,2.57592196481569,924100,10,1058,1.25945930568527
"566",11.3459623634984,2.57592196481569,924100,1,1372,1.62609719795866
"567",11.3459623634984,2.57592196481569,924100,1,1372,1.62609719795866
"568",11.3459623634984,2.57592196481569,924100,1,1372,1.62609719795866
"569",7.58459608764889,2.57592196481569,924100,1,1559,-0.98108323119969
"570",10.6822565834447,2.57592196481569,924100,10,1736,3.46863650078711
"571",10.6822565834447,2.57592196481569,924100,10,1736,3.46863650078711
"572",7.90636445181169,2.57592196481569,924100,10,1912,1.54453469620719
"573",10.83310606157,2.57592196481569,924100,10,1924,3.57319739123862
"574",14.6791577243851,2.57592196481569,924100,10,2043,6.23907725760682
"575",4.28200888142533,2.40272017901346,924105,10,1032,-0.967677148752849
"576",4.28200888142533,2.40272017901346,924105,10,1032,-0.967677148752849
"577",4.28200888142533,2.40272017901346,924105,10,1032,-0.967677148752849
"578",5.76017945751733,2.40272017901346,924105,10,1058,0.0569126184519901
"579",4.35680600178699,2.40272017901346,924105,1,1372,-3.21841682865421
"580",4.35680600178699,2.40272017901346,924105,1,1372,-3.21841682865421
"581",4.35680600178699,2.40272017901346,924105,1,1372,-3.21841682865421
"582",3.16781766867632,2.40272017901346,924105,1,1559,-4.04256073946854
"583",6.88348617823547,2.40272017901346,924105,10,1736,0.835529504821806
"584",6.88348617823547,2.40272017901346,924105,10,1736,0.835529504821806
"585",9.87374251658438,2.40272017901346,924105,10,1912,2.90821725489986
"586",9.73539066039704,2.40272017901346,924105,10,1924,2.81231905585837
"587",13.7959178125883,2.40272017901346,924105,10,2043,5.62686200298683
"588",9.98511560625003,2.11185431611028,1299075,10,1032,2.98541519799186
"589",9.98511560625003,2.11185431611028,1299075,10,1032,2.98541519799186
"590",9.98511560625003,2.11185431611028,1299075,10,1032,2.98541519799186
"591",8.86177115379489,2.11185431611028,1299075,10,1058,2.20677215797492
"592",13.7097527994872,2.11185431611028,1299075,1,1372,3.26455187409888
"593",13.7097527994872,2.11185431611028,1299075,1,1372,3.26455187409888
"594",13.7097527994872,2.11185431611028,1299075,1,1372,3.26455187409888
"595",9.00304300847153,2.11185431611028,1299075,1,1559,0.00210925274245933
"596",14.6822921303097,2.11185431611028,1299075,10,1736,6.24124986223617
"597",14.6822921303097,2.11185431611028,1299075,10,1736,6.24124986223617
"598",7.1945499157114,2.11185431611028,1299075,10,1912,1.05114245742769
"599",9.09188553804903,2.11185431611028,1299075,10,1924,2.36627529462696
"600",13.1125726236745,2.11185431611028,1299075,10,2043,5.15320321194206
"601",10.7613865448833,2.82575365697899,905934,4,1058,2.60719447858199
"602",10.447193076105,1.86754539474537,905935,4,1058,2.38941216154793
"603",5.77450936668732,2.30653618101248,907788,4,1058,-0.849445377283303
"604",8.32311922367592,2.57592196481569,924100,4,1058,0.917116359435628
"605",5.99553627577977,2.40272017901346,924105,4,1058,-0.696241198417997
"606",7.23229160387356,2.11185431611028,1299075,4,1058,0.161012270292703
"607",12.4565199603777,2.82575365697899,905934,10,1032,4.69846215807905
"608",12.4565199603777,2.82575365697899,905934,10,1032,4.69846215807905
"609",12.4565199603777,2.82575365697899,905934,10,1032,4.69846215807905
"610",8.5977181365736,2.82575365697899,905934,10,1058,2.02374455356964
"611",15.1868772220085,2.82575365697899,905934,1,1372,4.28841650290575
"612",15.1868772220085,2.82575365697899,905934,1,1372,4.28841650290575
"613",15.1868772220085,2.82575365697899,905934,1,1372,4.28841650290575
"614",8.95215386636085,2.82575365697899,905934,1,1559,-0.0331644126326732
"615",15.8147252143953,2.82575365697899,905934,10,1736,7.0261926616429
"616",15.8147252143953,2.82575365697899,905934,10,1736,7.0261926616429
"617",10.3975060954322,2.82575365697899,905934,10,1912,3.27126250285819
"618",12.6460145906971,2.82575365697899,905934,10,1924,4.82980982681614
"619",13.1203009714627,2.82575365697899,905934,10,2043,5.15856009442182
"620",10.4707451345632,1.86754539474537,905935,10,1032,3.32202793633879
"621",10.4707451345632,1.86754539474537,905935,10,1032,3.32202793633879
"622",10.4707451345632,1.86754539474537,905935,10,1032,3.32202793633879
"623",10.0481638398596,1.86754539474537,905935,10,1058,3.02911690335763
"624",12.6091649089152,1.86754539474537,905935,1,1372,2.50168248079046
"625",12.6091649089152,1.86754539474537,905935,1,1372,2.50168248079046
"626",12.6091649089152,1.86754539474537,905935,1,1372,2.50168248079046
"627",7.14255507100334,1.86754539474537,905935,1,1559,-1.2874827155794
"628",14.1084546201919,1.86754539474537,905935,10,1736,5.84349600999849
"629",14.1084546201919,1.86754539474537,905935,10,1736,5.84349600999849
"630",11.2403128135108,1.86754539474537,905935,10,1912,3.85545160325138
"631",11.6795082127463,1.86754539474537,905935,10,1924,4.15987865594635
"632",12.8718519154586,1.86754539474537,905935,10,2043,4.98634833173982
"633",6.91178323358013,2.30653618101248,907788,10,1032,0.855143528952105
"634",6.91178323358013,2.30653618101248,907788,10,1032,0.855143528952105
"635",6.91178323358013,2.30653618101248,907788,10,1032,0.855143528952105
"636",3.85680179514967,2.30653618101248,907788,10,1058,-1.26240824175893
"637",13.3166678038932,2.30653618101248,907788,1,1372,2.99208611768243
"638",13.3166678038932,2.30653618101248,907788,1,1372,2.99208611768243
"639",13.3166678038932,2.30653618101248,907788,1,1372,2.99208611768243
"640",5.71693783079737,2.30653618101248,907788,1,1559,-2.27564528618582
"641",14.4878222003395,2.30653618101248,907788,10,1736,6.10645357857362
"642",14.4878222003395,2.30653618101248,907788,10,1736,6.10645357857362
"643",1.14891123577728,2.30653618101248,907788,10,1912,-3.1393749482528
"644",2.34172699352085,2.30653618101248,907788,10,1924,-2.31257806884537
"645",10.0117981023866,2.30653618101248,907788,10,2043,3.00391009495922
"646",9.67852155343416,2.57592196481569,924100,10,1032,2.77290039470609
"647",9.67852155343416,2.57592196481569,924100,10,1032,2.77290039470609
"648",9.67852155343416,2.57592196481569,924100,10,1032,2.77290039470609
"649",7.49508759962623,2.57592196481569,924100,10,1058,1.25945930568527
"650",11.3459623634984,2.57592196481569,924100,1,1372,1.62609719795866
"651",11.3459623634984,2.57592196481569,924100,1,1372,1.62609719795866
"652",11.3459623634984,2.57592196481569,924100,1,1372,1.62609719795866
"653",7.58459608764889,2.57592196481569,924100,1,1559,-0.98108323119969
"654",10.6822565834447,2.57592196481569,924100,10,1736,3.46863650078711
"655",10.6822565834447,2.57592196481569,924100,10,1736,3.46863650078711
"656",7.90636445181169,2.57592196481569,924100,10,1912,1.54453469620719
"657",10.83310606157,2.57592196481569,924100,10,1924,3.57319739123862
"658",14.6791577243851,2.57592196481569,924100,10,2043,6.23907725760682
"659",4.28200888142533,2.40272017901346,924105,10,1032,-0.967677148752849
"660",4.28200888142533,2.40272017901346,924105,10,1032,-0.967677148752849
"661",4.28200888142533,2.40272017901346,924105,10,1032,-0.967677148752849
"662",5.76017945751733,2.40272017901346,924105,10,1058,0.0569126184519901
"663",4.35680600178699,2.40272017901346,924105,1,1372,-3.21841682865421
"664",4.35680600178699,2.40272017901346,924105,1,1372,-3.21841682865421
"665",4.35680600178699,2.40272017901346,924105,1,1372,-3.21841682865421
"666",3.16781766867632,2.40272017901346,924105,1,1559,-4.04256073946854
"667",6.88348617823547,2.40272017901346,924105,10,1736,0.835529504821806
"668",6.88348617823547,2.40272017901346,924105,10,1736,0.835529504821806
"669",9.87374251658438,2.40272017901346,924105,10,1912,2.90821725489986
"670",9.73539066039704,2.40272017901346,924105,10,1924,2.81231905585837
"671",13.7959178125883,2.40272017901346,924105,10,2043,5.62686200298683
"672",9.98511560625003,2.11185431611028,1299075,10,1032,2.98541519799186
"673",9.98511560625003,2.11185431611028,1299075,10,1032,2.98541519799186
"674",9.98511560625003,2.11185431611028,1299075,10,1032,2.98541519799186
"675",8.86177115379489,2.11185431611028,1299075,10,1058,2.20677215797492
"676",13.7097527994872,2.11185431611028,1299075,1,1372,3.26455187409888
"677",13.7097527994872,2.11185431611028,1299075,1,1372,3.26455187409888
"678",13.7097527994872,2.11185431611028,1299075,1,1372,3.26455187409888
"679",9.00304300847153,2.11185431611028,1299075,1,1559,0.00210925274245933
"680",14.6822921303097,2.11185431611028,1299075,10,1736,6.24124986223617
"681",14.6822921303097,2.11185431611028,1299075,10,1736,6.24124986223617
"682",7.1945499157114,2.11185431611028,1299075,10,1912,1.05114245742769
"683",9.09188553804903,2.11185431611028,1299075,10,1924,2.36627529462696
"684",13.1125726236745,2.11185431611028,1299075,10,2043,5.15320321194206
"685",11.2606158847515,2.82575365697899,905934,0.25,1559,0.180645165724661
"686",9.02960229688106,1.86754539474537,905935,0.25,1559,-1.36577561249869
"687",7.02401783651853,2.30653618101248,907788,0.25,1559,-2.75594082657382
"688",6.46625850175513,2.57592196481569,924100,0.25,1559,-3.14255013689605
"689",5.38819990643229,2.40272017901346,924105,0.25,1559,-3.8898034127225
"690",7.77703805989411,2.11185431611028,1299075,0.25,1559,-2.23398698183641
"691",14.8332455365279,2.82575365697899,905934,2,1032,4.73644487771815
"692",14.4452580735478,2.82575365697899,905934,2,1168,4.46751246166089
"693",15.3571272641322,2.82575365697899,905934,2,2047,5.09957202015393
"694",13.0910387692171,1.86754539474537,905935,2,1032,3.52883916900419
"695",12.4791072011117,1.86754539474537,905935,2,1168,3.10468052787634
"696",12.6375842554799,1.86754539474537,905935,2,2047,3.21452845129508
"697",10.6851227088505,2.30653618101248,907788,2,1032,1.8611852350972
"698",13.8806020165162,2.30653618101248,907788,2,1168,4.07612270774331
"699",10.8871410593406,2.30653618101248,907788,2,2047,2.00121368516079
"700",10.2783906793626,2.57592196481569,924100,2,1032,1.57926007561423
"701",13.6403512936497,2.57592196481569,924100,2,1168,3.90959359656095
"702",12.143825806122,2.57592196481569,924100,2,2047,2.87228117424504
"703",3.81033853654365,2.40272017901346,924105,2,1032,-2.90405203089543
"704",8.16542751538186,2.40272017901346,924105,2,1168,0.114665615873975
"705",11.4824422673119,2.40272017901346,924105,2,2047,2.41384503905002
"706",11.9821270898956,2.11185431611028,1299075,2,1032,2.7602001649925
"707",13.9404334098522,2.11185431611028,1299075,2,1168,4.11759466934317
"708",9.8883688502507,2.11185431611028,1299075,2,2047,1.3089175444085
"709",13.6000061865013,2.82575365697899,905934,5,1560,4.7979192311658
"710",13.6000061865013,2.82575365697899,905934,5,1560,4.7979192311658
"711",12.9888204867694,1.86754539474537,905935,5,1560,4.37427758659803
"712",12.9888204867694,1.86754539474537,905935,5,1560,4.37427758659803
"713",11.0099734211479,2.30653618101248,907788,5,1560,3.00264532230322
"714",11.0099734211479,2.30653618101248,907788,5,1560,3.00264532230322
"715",9.83263307884059,2.57592196481569,924100,5,1560,2.1865751834734
"716",9.83263307884059,2.57592196481569,924100,5,1560,2.1865751834734
"717",8.29681849576314,2.40272017901346,924105,5,1560,1.12202963535042
"718",8.29681849576314,2.40272017901346,924105,5,1560,1.12202963535042
"719",11.3508955787036,2.11185431611028,1299075,5,1560,3.23895455460336
"720",11.3508955787036,2.11185431611028,1299075,5,1560,3.23895455460336
"721",12.4565199603777,2.82575365697899,905934,10,1032,4.69846215807905
"722",12.4565199603777,2.82575365697899,905934,10,1032,4.69846215807905
"723",12.4565199603777,2.82575365697899,905934,10,1032,4.69846215807905
"724",14.8332455365279,2.82575365697899,905934,2,1032,4.73644487771815
"725",8.5977181365736,2.82575365697899,905934,10,1058,2.02374455356964
"726",10.7613865448833,2.82575365697899,905934,4,1058,2.60719447858199
"727",14.4452580735478,2.82575365697899,905934,2,1168,4.46751246166089
"728",15.1868772220085,2.82575365697899,905934,1,1372,4.28841650290575
"729",15.1868772220085,2.82575365697899,905934,1,1372,4.28841650290575
"730",15.1868772220085,2.82575365697899,905934,1,1372,4.28841650290575
"731",11.2606158847515,2.82575365697899,905934,0.25,1559,0.180645165724661
"732",8.95215386636085,2.82575365697899,905934,1,1559,-0.0331644126326732
"733",13.6000061865013,2.82575365697899,905934,5,1560,4.7979192311658
"734",13.6000061865013,2.82575365697899,905934,5,1560,4.7979192311658
"735",15.8147252143953,2.82575365697899,905934,10,1736,7.0261926616429
"736",15.8147252143953,2.82575365697899,905934,10,1736,7.0261926616429
"737",10.3975060954322,2.82575365697899,905934,10,1912,3.27126250285819
"738",12.6460145906971,2.82575365697899,905934,10,1924,4.82980982681614
"739",13.1203009714627,2.82575365697899,905934,10,2043,5.15856009442182
"740",15.3571272641322,2.82575365697899,905934,2,2047,5.09957202015393
"741",10.4707451345632,1.86754539474537,905935,10,1032,3.32202793633879
"742",10.4707451345632,1.86754539474537,905935,10,1032,3.32202793633879
"743",10.4707451345632,1.86754539474537,905935,10,1032,3.32202793633879
"744",13.0910387692171,1.86754539474537,905935,2,1032,3.52883916900419
"745",10.0481638398596,1.86754539474537,905935,10,1058,3.02911690335763
"746",10.447193076105,1.86754539474537,905935,4,1058,2.38941216154793
"747",12.4791072011117,1.86754539474537,905935,2,1168,3.10468052787634
"748",12.6091649089152,1.86754539474537,905935,1,1372,2.50168248079046
"749",12.6091649089152,1.86754539474537,905935,1,1372,2.50168248079046
"750",12.6091649089152,1.86754539474537,905935,1,1372,2.50168248079046
"751",9.02960229688106,1.86754539474537,905935,0.25,1559,-1.36577561249869
"752",7.14255507100334,1.86754539474537,905935,1,1559,-1.2874827155794
"753",12.9888204867694,1.86754539474537,905935,5,1560,4.37427758659803
"754",12.9888204867694,1.86754539474537,905935,5,1560,4.37427758659803
"755",14.1084546201919,1.86754539474537,905935,10,1736,5.84349600999849
"756",14.1084546201919,1.86754539474537,905935,10,1736,5.84349600999849
"757",11.2403128135108,1.86754539474537,905935,10,1912,3.85545160325138
"758",11.6795082127463,1.86754539474537,905935,10,1924,4.15987865594635
"759",12.8718519154586,1.86754539474537,905935,10,2043,4.98634833173982
"760",12.6375842554799,1.86754539474537,905935,2,2047,3.21452845129508
"761",6.91178323358013,2.30653618101248,907788,10,1032,0.855143528952105
"762",6.91178323358013,2.30653618101248,907788,10,1032,0.855143528952105
"763",6.91178323358013,2.30653618101248,907788,10,1032,0.855143528952105
"764",10.6851227088505,2.30653618101248,907788,2,1032,1.8611852350972
"765",3.85680179514967,2.30653618101248,907788,10,1058,-1.26240824175893
"766",5.77450936668732,2.30653618101248,907788,4,1058,-0.849445377283303
"767",13.8806020165162,2.30653618101248,907788,2,1168,4.07612270774331
"768",13.3166678038932,2.30653618101248,907788,1,1372,2.99208611768243
"769",13.3166678038932,2.30653618101248,907788,1,1372,2.99208611768243
"770",13.3166678038932,2.30653618101248,907788,1,1372,2.99208611768243
"771",7.02401783651853,2.30653618101248,907788,0.25,1559,-2.75594082657382
"772",5.71693783079737,2.30653618101248,907788,1,1559,-2.27564528618582
"773",11.0099734211479,2.30653618101248,907788,5,1560,3.00264532230322
"774",11.0099734211479,2.30653618101248,907788,5,1560,3.00264532230322
"775",14.4878222003395,2.30653618101248,907788,10,1736,6.10645357857362
"776",14.4878222003395,2.30653618101248,907788,10,1736,6.10645357857362
"777",1.14891123577728,2.30653618101248,907788,10,1912,-3.1393749482528
"778",2.34172699352085,2.30653618101248,907788,10,1924,-2.31257806884537
"779",10.0117981023866,2.30653618101248,907788,10,2043,3.00391009495922
"780",10.8871410593406,2.30653618101248,907788,2,2047,2.00121368516079
"781",9.67852155343416,2.57592196481569,924100,10,1032,2.77290039470609
"782",9.67852155343416,2.57592196481569,924100,10,1032,2.77290039470609
"783",9.67852155343416,2.57592196481569,924100,10,1032,2.77290039470609
"784",10.2783906793626,2.57592196481569,924100,2,1032,1.57926007561423
"785",7.49508759962623,2.57592196481569,924100,10,1058,1.25945930568527
"786",8.32311922367592,2.57592196481569,924100,4,1058,0.917116359435628
"787",13.6403512936497,2.57592196481569,924100,2,1168,3.90959359656095
"788",11.3459623634984,2.57592196481569,924100,1,1372,1.62609719795866
"789",11.3459623634984,2.57592196481569,924100,1,1372,1.62609719795866
"790",11.3459623634984,2.57592196481569,924100,1,1372,1.62609719795866
"791",6.46625850175513,2.57592196481569,924100,0.25,1559,-3.14255013689605
"792",7.58459608764889,2.57592196481569,924100,1,1559,-0.98108323119969
"793",9.83263307884059,2.57592196481569,924100,5,1560,2.1865751834734
"794",9.83263307884059,2.57592196481569,924100,5,1560,2.1865751834734
"795",10.6822565834447,2.57592196481569,924100,10,1736,3.46863650078711
"796",10.6822565834447,2.57592196481569,924100,10,1736,3.46863650078711
"797",7.90636445181169,2.57592196481569,924100,10,1912,1.54453469620719
"798",10.83310606157,2.57592196481569,924100,10,1924,3.57319739123862
"799",14.6791577243851,2.57592196481569,924100,10,2043,6.23907725760682
"800",12.143825806122,2.57592196481569,924100,2,2047,2.87228117424504
"801",4.28200888142533,2.40272017901346,924105,10,1032,-0.967677148752849
"802",4.28200888142533,2.40272017901346,924105,10,1032,-0.967677148752849
"803",4.28200888142533,2.40272017901346,924105,10,1032,-0.967677148752849
"804",3.81033853654365,2.40272017901346,924105,2,1032,-2.90405203089543
"805",5.76017945751733,2.40272017901346,924105,10,1058,0.0569126184519901
"806",5.99553627577977,2.40272017901346,924105,4,1058,-0.696241198417997
"807",8.16542751538186,2.40272017901346,924105,2,1168,0.114665615873975
"808",4.35680600178699,2.40272017901346,924105,1,1372,-3.21841682865421
"809",4.35680600178699,2.40272017901346,924105,1,1372,-3.21841682865421
"810",4.35680600178699,2.40272017901346,924105,1,1372,-3.21841682865421
"811",5.38819990643229,2.40272017901346,924105,0.25,1559,-3.8898034127225
"812",3.16781766867632,2.40272017901346,924105,1,1559,-4.04256073946854
"813",8.29681849576314,2.40272017901346,924105,5,1560,1.12202963535042
"814",8.29681849576314,2.40272017901346,924105,5,1560,1.12202963535042
"815",6.88348617823547,2.40272017901346,924105,10,1736,0.835529504821806
"816",6.88348617823547,2.40272017901346,924105,10,1736,0.835529504821806
"817",9.87374251658438,2.40272017901346,924105,10,1912,2.90821725489986
"818",9.73539066039704,2.40272017901346,924105,10,1924,2.81231905585837
"819",13.7959178125883,2.40272017901346,924105,10,2043,5.62686200298683
"820",11.4824422673119,2.40272017901346,924105,2,2047,2.41384503905002
"821",9.98511560625003,2.11185431611028,1299075,10,1032,2.98541519799186
"822",9.98511560625003,2.11185431611028,1299075,10,1032,2.98541519799186
"823",9.98511560625003,2.11185431611028,1299075,10,1032,2.98541519799186
"824",11.9821270898956,2.11185431611028,1299075,2,1032,2.7602001649925
"825",8.86177115379489,2.11185431611028,1299075,10,1058,2.20677215797492
"826",7.23229160387356,2.11185431611028,1299075,4,1058,0.161012270292703
"827",13.9404334098522,2.11185431611028,1299075,2,1168,4.11759466934317
"828",13.7097527994872,2.11185431611028,1299075,1,1372,3.26455187409888
"829",13.7097527994872,2.11185431611028,1299075,1,1372,3.26455187409888
"830",13.7097527994872,2.11185431611028,1299075,1,1372,3.26455187409888
"831",7.77703805989411,2.11185431611028,1299075,0.25,1559,-2.23398698183641
"832",9.00304300847153,2.11185431611028,1299075,1,1559,0.00210925274245933
"833",11.3508955787036,2.11185431611028,1299075,5,1560,3.23895455460336
"834",11.3508955787036,2.11185431611028,1299075,5,1560,3.23895455460336
"835",14.6822921303097,2.11185431611028,1299075,10,1736,6.24124986223617
"836",14.6822921303097,2.11185431611028,1299075,10,1736,6.24124986223617
"837",7.1945499157114,2.11185431611028,1299075,10,1912,1.05114245742769
"838",9.09188553804903,2.11185431611028,1299075,10,1924,2.36627529462696
"839",13.1125726236745,2.11185431611028,1299075,10,2043,5.15320321194206
"840",9.8883688502507,2.11185431611028,1299075,2,2047,1.3089175444085
